<?xml version="1.0" encoding="UTF-8"?>
<Configuration status="WARN" strict="true" verbose="true">

    <Appenders>
        <Console name="stdout" target="SYSTEM_OUT" >
            <PatternLayout pattern="[%d{ISO8601}] %-5p %c %m %n" />
        </Console>

        <RollingFile name="fileAppender">
            <FileName>target/log/edocbox-restclient.log</FileName>
            <FilePattern>target/log/edocbox-restclient.%d{yyyy-MM-dd_HH-mm}.log.gz</FilePattern>
            <IgnoreExceptions>false</IgnoreExceptions>
            <PatternLayout pattern="%d{DEFAULT} %-5p [%t] %c: %encode{%maxLength{%m}{35000}}{CRLF}%n" />
            <Policies>
                <TimeBasedTriggeringPolicy interval="1"/>
            </Policies>
        </RollingFile>
    </Appenders>

    <Loggers>
        <Logger name="de.nepatec.edocbox.api.rest" additivity="false">
            <AppenderRef ref="fileAppender"/>
            <Level>DEBUG</Level>
        </Logger>
        <Logger name="de.nepatec" additivity="false">
            <AppenderRef ref="fileAppender"/>
            <Level>WARN</Level>
        </Logger>
        <Logger name="org.hibernate">
            <Level>ERROR</Level>
        </Logger>
        <Logger name="org.springframework">
            <Level>ERROR</Level>
        </Logger>
        <Root>
            <AppenderRef ref="stdout"/>
            <AppenderRef ref="fileAppender"/>
            <Level>INFO</Level>
        </Root>
    </Loggers>

</Configuration>