<?xml version="1.0" encoding="UTF-8"?>

<!--
	XML representation of an external share of a business case.
	
	URL: <SERVER_ADDRESS>/edocbox/api/rest/v2.9/businesscases/<BUSINESSCASE_ID>/external-share
	(where <BUSINESSCASE_ID> is the id of the business case to be shared externally)
	Method: POST
-->
<ExternalBusinesscaseShare xmlns="http://edocbox.de/api-rest-types">
    <Forename>Max</Forename>
    <Lastname>Mustermann</Lastname>
    <EmailAddress>max.mustermann@nepatec.de</EmailAddress>
    <InfoText>This is some infotext</InfoText>
    <Notify>false</Notify>
    <End>2021-12-31T23:59:59</End>
    <CaptureType>APP</CaptureType>
    <AccessProtection>TOKEN_AND_PASSWORD</AccessProtection>
    <Password>HelloWorld!$</Password>
</ExternalBusinesscaseShare>
