<?xml version="1.0" encoding="UTF-8"?>

<!--
	XML representation of list of users to be imported as a bulk.
	
	URL: <SERVER_ADDRESS>/edocbox/api/rest/v2.9/users-bulkimport
	Method: POST
-->
<UserList xmlns="http://edocbox.de/api-rest-types">
    <User>
        <LoginId>mmustermann@nepatec.de</LoginId>
        <Forename>Maria</Forename>
        <Lastname>Mustermann</Lastname>
        <EmailAddress>maria.mustermann@nepatec.de</EmailAddress>
        <Password>mypassword</Password>
    </User>
</UserList>